{"name":"Irfan Niazi","country":"Local","batting_style":"RHB","bowling_style":"","team":"Hyderabad Kingsman","batting":{"innings":1,"runs":36,"balls":23,"fours":4,"sixes":0,"dots":4,"dot_pct":17.4,"dismissals":1,"not_outs":0,"fifties":0,"hundreds":0,"average":36.0,"strike_rate":156.52,"best_score":"36","phases":{"pp":{"runs":0,"balls":0,"sr":0},"mid":{"runs":36,"balls":22,"sr":163.6},"death":{"runs":0,"balls":1,"sr":0.0}},"zones":{"1":{"runs":0,"balls":0,"dots":0,"fours":0,"sixes":0},"2":{"runs":0,"balls":0,"dots":0,"fours":0,"sixes":0},"3":{"runs":0,"balls":0,"dots":0,"fours":0,"sixes":0},"4":{"runs":0,"balls":0,"dots":0,"fours":0,"sixes":0},"5":{"runs":0,"balls":0,"dots":0,"fours":0,"sixes":0},"6":{"runs":0,"balls":0,"dots":0,"fours":0,"sixes":0},"7":{"runs":0,"balls":0,"dots":0,"fours":0,"sixes":0},"8":{"runs":0,"balls":0,"dots":0,"fours":0,"sixes":0}},"line_stats":{"53-116-156.49224415819774-249.99999999999997":{"runs":0,"balls":1,"dots":1,"wickets":0},"86-99-156.49224415819774-249.99999999999997":{"runs":1,"balls":1,"dots":0,"wickets":0},"73-158-156.49224415819774-249.99999999999997":{"runs":1,"balls":1,"dots":0,"wickets":0},"58-89-156.49224415819774-249.99999999999997":{"runs":4,"balls":1,"dots":0,"wickets":0},"55-126-156.49224415819774-249.99999999999997":{"runs":0,"balls":1,"dots":1,"wickets":0},"54-86-156.49224415819774-249.99999999999997":{"runs":2,"balls":1,"dots":0,"wickets":0},"54-132-156.49224415819774-249.99999999999997":{"runs":1,"balls":1,"dots":0,"wickets":0},"54-129-156.49224415819774-249.99999999999997":{"runs":1,"balls":1,"dots":0,"wickets":0},"51-115-156.49224415819774-249.99999999999997":{"runs":4,"balls":1,"dots":0,"wickets":0},"60-162-156.49224415819774-249.99999999999997":{"runs":1,"balls":1,"dots":0,"wickets":0},"52-124-156.49224415819774-249.99999999999997":{"runs":2,"balls":1,"dots":0,"wickets":0},"66-60-156.49224415819774-249.99999999999997":{"runs":1,"balls":1,"dots":0,"wickets":0},"86-123-156.49224415819774-249.99999999999997":{"runs":0,"balls":1,"dots":1,"wickets":0},"71-118-156.49224415819774-249.99999999999997":{"runs":1,"balls":1,"dots":0,"wickets":0},"86-102-156.49224415819774-249.99999999999997":{"runs":1,"balls":1,"dots":0,"wickets":0},"60-108-156.49224415819774-249.99999999999997":{"runs":2,"balls":1,"dots":0,"wickets":0},"72-136-156.49224415819774-249.99999999999997":{"runs":1,"balls":1,"dots":0,"wickets":0},"36-136-156.49224415819774-249.99999999999997":{"runs":4,"balls":1,"dots":0,"wickets":0},"90-149-156.49224415819774-249.99999999999997":{"runs":4,"balls":1,"dots":0,"wickets":0},"82-116-156.49224415819774-249.99999999999997":{"runs":2,"balls":1,"dots":0,"wickets":0},"42-116-156.49224415819774-249.99999999999997":{"runs":1,"balls":1,"dots":0,"wickets":0},"66-98-156.49224415819774-249.99999999999997":{"runs":2,"balls":1,"dots":0,"wickets":0},"69-162-156.49224415819774-249.99999999999997":{"runs":0,"balls":1,"dots":1,"wickets":1}},"length_stats":{"57-100-145.35181236673773-170":{"runs":0,"balls":1,"dots":1,"wickets":0},"81-123-145.35181236673773-170":{"runs":1,"balls":1,"dots":0,"wickets":0},"76-84-145.35181236673773-170":{"runs":1,"balls":1,"dots":0,"wickets":0},"55-117-145.35181236673773-170":{"runs":4,"balls":1,"dots":0,"wickets":0},"61-100-145.35181236673773-170":{"runs":0,"balls":1,"dots":1,"wickets":0},"51-115-145.35181236673773-170":{"runs":2,"balls":1,"dots":0,"wickets":0},"55-88-145.35181236673773-170":{"runs":1,"balls":1,"dots":0,"wickets":0},"46-96-145.35181236673773-170":{"runs":1,"balls":1,"dots":0,"wickets":0},"47-108-145.35181236673773-170":{"runs":4,"balls":1,"dots":0,"wickets":0},"72-77-145.35181236673773-170":{"runs":1,"balls":1,"dots":0,"wickets":0},"74-92-145.35181236673773-170":{"runs":2,"balls":1,"dots":0,"wickets":0},"71-138-145.35181236673773-170":{"runs":1,"balls":1,"dots":0,"wickets":0},"75-106-145.35181236673773-170":{"runs":0,"balls":1,"dots":1,"wickets":0},"74-105-145.35181236673773-170":{"runs":1,"balls":1,"dots":0,"wickets":0},"77-113-145.35181236673773-170":{"runs":1,"balls":1,"dots":0,"wickets":0},"61-114-145.35181236673773-170":{"runs":2,"balls":1,"dots":0,"wickets":0},"52-87-145.35181236673773-170":{"runs":1,"balls":1,"dots":0,"wickets":0},"37-94-145.35181236673773-170":{"runs":4,"balls":1,"dots":0,"wickets":0},"74-96-145.35181236673773-170":{"runs":4,"balls":1,"dots":0,"wickets":0},"81-127-145.35181236673773-170":{"runs":2,"balls":1,"dots":0,"wickets":0},"41-100-145.35181236673773-170":{"runs":1,"balls":1,"dots":0,"wickets":0},"57-105-145.35181236673773-170":{"runs":2,"balls":1,"dots":0,"wickets":0},"55-69-145.35181236673773-170":{"runs":0,"balls":1,"dots":1,"wickets":1}},"shot_stats":{"Drive":{"runs":26,"balls":14,"dots":1},"Cut":{"runs":7,"balls":5,"dots":1},"Pull":{"runs":1,"balls":2,"dots":1},"Leg Glance":{"runs":2,"balls":1,"dots":0},"Forward Defence":{"runs":0,"balls":1,"dots":1}},"vs_pace":{"runs":10,"balls":7,"dots":1,"dismissals":1,"fours":1,"sixes":0},"vs_spin":{"runs":26,"balls":16,"dots":3,"dismissals":0,"fours":3,"sixes":0},"dismissal_kinds":{"Caught":1},"by_tournament":{"National T20 2025-26":{"runs":36,"balls":23,"innings":1}},"innings_scores":[{"runs":36,"out":true}]},"bowling":{"innings":0,"overs":0.0,"balls":0,"runs":0,"wickets":0,"dots":0,"dot_pct":0,"economy":0,"average":0,"strike_rate":0,"fours_conceded":0,"sixes_conceded":0,"wides":0,"no_balls":0,"phases":{"pp":{"runs":0,"balls":0,"wickets":0,"economy":0},"mid":{"runs":0,"balls":0,"wickets":0,"economy":0},"death":{"runs":0,"balls":0,"wickets":0,"economy":0}},"length_stats":{},"line_stats":{},"delivery_stats":{},"vs_rhb":{"runs":0,"balls":0,"wickets":0},"vs_lhb":{"runs":0,"balls":0,"wickets":0},"dismissal_kinds":{},"by_tournament":{}},"wagon_rows":[{"Zone":"82-84-165.83333333333334-170-199-184","batsman_runs":0,"is_wicket":0},{"Zone":"128-111-165.83333333333334-170-199-184","batsman_runs":1,"is_wicket":0},{"Zone":"144-95-165.83333333333334-170-199-184","batsman_runs":1,"is_wicket":0},{"Zone":"80-167-165.83333333333334-170-199-184","batsman_runs":4,"is_wicket":0},{"Zone":"87-76-165.83333333333334-170-199-184","batsman_runs":0,"is_wicket":0},{"Zone":"78-154-165.83333333333334-170-199-184","batsman_runs":2,"is_wicket":0},{"Zone":"53-139-165.83333333333334-170-199-184","batsman_runs":1,"is_wicket":0},{"Zone":"14-66-165.83333333333334-170-199-184","batsman_runs":1,"is_wicket":0},{"Zone":"61-163-165.83333333333334-170-199-184","batsman_runs":4,"is_wicket":0},{"Zone":"144-94-165.83333333333334-170-199-184","batsman_runs":1,"is_wicket":0},{"Zone":"117-53-165.83333333333334-170-199-184","batsman_runs":2,"is_wicket":0},{"Zone":"81-74-165.83333333333334-170-199-184","batsman_runs":1,"is_wicket":0},{"Zone":"84-77-165.83333333333334-170-199-184","batsman_runs":0,"is_wicket":0},{"Zone":"132-106-165.83333333333334-170-199-184","batsman_runs":1,"is_wicket":0},{"Zone":"115-139-165.83333333333334-170-199-184","batsman_runs":1,"is_wicket":0},{"Zone":"122-132-165.83333333333334-170-199-184","batsman_runs":2,"is_wicket":0},{"Zone":"12-68-165.83333333333334-170-199-184","batsman_runs":1,"is_wicket":0},{"Zone":"11-47-165.83333333333334-170-199-184","batsman_runs":4,"is_wicket":0},{"Zone":"153-134-165.83333333333334-170-199-184","batsman_runs":4,"is_wicket":0},{"Zone":"125-128-165.83333333333334-170-199-184","batsman_runs":2,"is_wicket":0},{"Zone":"62-55-165.83333333333334-170-199-184","batsman_runs":1,"is_wicket":0},{"Zone":"94-152-165.83333333333334-170-199-184","batsman_runs":2,"is_wicket":0},{"Zone":"104-151-165.83333333333334-170-199-184","batsman_runs":0,"is_wicket":1}]}