{"name":"M Nawaz","country":"Local","batting_style":"LAOS","bowling_style":"LHB","team":"Multan Sultan","batting":{"innings":2,"runs":8,"balls":17,"fours":0,"sixes":0,"dots":9,"dot_pct":52.9,"dismissals":2,"not_outs":0,"fifties":0,"hundreds":0,"average":4.0,"strike_rate":47.06,"best_score":"5","phases":{"pp":{"runs":0,"balls":0,"sr":0},"mid":{"runs":0,"balls":2,"sr":0.0},"death":{"runs":8,"balls":15,"sr":53.3}},"zones":{"1":{"runs":0,"balls":0,"dots":0,"fours":0,"sixes":0},"2":{"runs":0,"balls":0,"dots":0,"fours":0,"sixes":0},"3":{"runs":0,"balls":0,"dots":0,"fours":0,"sixes":0},"4":{"runs":0,"balls":0,"dots":0,"fours":0,"sixes":0},"5":{"runs":0,"balls":0,"dots":0,"fours":0,"sixes":0},"6":{"runs":0,"balls":0,"dots":0,"fours":0,"sixes":0},"7":{"runs":0,"balls":0,"dots":0,"fours":0,"sixes":0},"8":{"runs":0,"balls":0,"dots":0,"fours":0,"sixes":0}},"line_stats":{"75-124-156.49224415819774-249.99999999999997":{"runs":0,"balls":1,"dots":1,"wickets":0},"104-144-156.49224415819774-249.99999999999997":{"runs":0,"balls":1,"dots":1,"wickets":0},"97-114-156.49224415819774-249.99999999999997":{"runs":1,"balls":1,"dots":0,"wickets":0},"111-125-156.49224415819774-249.99999999999997":{"runs":0,"balls":1,"dots":1,"wickets":0},"108-127-156.4922438217625-250":{"runs":1,"balls":1,"dots":0,"wickets":0},"116-54-156.4922438217625-250":{"runs":1,"balls":1,"dots":0,"wickets":0},"75-81-156.49224415819774-249.99999999999997":{"runs":1,"balls":1,"dots":0,"wickets":0},"93-107-156.49224415819774-249.99999999999997":{"runs":1,"balls":1,"dots":0,"wickets":0},"84-83-156.49224415819774-249.99999999999997":{"runs":0,"balls":1,"dots":1,"wickets":1},"92-120-156.49224415819774-249.99999999999997":{"runs":0,"balls":1,"dots":1,"wickets":0},"102-100-156.49224415819774-249.99999999999997":{"runs":1,"balls":1,"dots":0,"wickets":0},"97-91-156.49224415819774-249.99999999999997":{"runs":1,"balls":1,"dots":0,"wickets":0},"78-180-156.49224415819774-249.99999999999997":{"runs":1,"balls":1,"dots":0,"wickets":0},"103-228-156.49224415819774-249.99999999999997":{"runs":0,"balls":1,"dots":1,"wickets":0},"77-135-156.49224415819774-249.99999999999997":{"runs":0,"balls":1,"dots":1,"wickets":0},"105-177-156.49224415819774-249.99999999999997":{"runs":0,"balls":1,"dots":1,"wickets":0},"87-124-156.49224415819774-249.99999999999997":{"runs":0,"balls":1,"dots":1,"wickets":1}},"length_stats":{"78-113-145.35181236673773-170":{"runs":0,"balls":1,"dots":1,"wickets":0},"104-92-145.35181236673773-170":{"runs":0,"balls":1,"dots":1,"wickets":0},"93-104-145.35181236673773-170":{"runs":1,"balls":1,"dots":0,"wickets":0},"122-90-145.35181236673773-170":{"runs":0,"balls":1,"dots":1,"wickets":0},"109-91-145.35181236673773-170":{"runs":1,"balls":1,"dots":0,"wickets":0},"110-141-145.35181236673773-170":{"runs":1,"balls":1,"dots":0,"wickets":0},"72-130-145.3518123903204-170":{"runs":1,"balls":1,"dots":0,"wickets":0},"95-117-145.35181236673773-170":{"runs":1,"balls":1,"dots":0,"wickets":0},"84-123-145.3518123903204-170":{"runs":0,"balls":1,"dots":1,"wickets":1},"73-96-145.35181236673773-170":{"runs":0,"balls":1,"dots":1,"wickets":0},"99-114-145.35181236673773-170":{"runs":1,"balls":1,"dots":0,"wickets":0},"91-127-145.35181236673773-170":{"runs":1,"balls":1,"dots":0,"wickets":0},"64-76-145.35181236673773-170":{"runs":1,"balls":1,"dots":0,"wickets":0},"96-55-145.35181236673773-170":{"runs":0,"balls":1,"dots":1,"wickets":0},"76-68-145.35181236673773-170":{"runs":0,"balls":1,"dots":1,"wickets":0},"105-82-145.35180782683653-170":{"runs":0,"balls":1,"dots":1,"wickets":0},"75-96-145.35181236673773-170":{"runs":0,"balls":1,"dots":1,"wickets":1}},"shot_stats":{"Forward Defence":{"runs":0,"balls":2,"dots":2},"Cut":{"runs":0,"balls":4,"dots":4},"Slog Sweep":{"runs":1,"balls":1,"dots":0},"Drive":{"runs":5,"balls":5,"dots":0},"Flick":{"runs":1,"balls":1,"dots":0},"Slog":{"runs":0,"balls":2,"dots":2},"Back Defence":{"runs":1,"balls":1,"dots":0},"Lap":{"runs":0,"balls":1,"dots":1}},"vs_pace":{"runs":5,"balls":11,"dots":6,"dismissals":2,"fours":0,"sixes":0},"vs_spin":{"runs":3,"balls":6,"dots":3,"dismissals":0,"fours":0,"sixes":0},"dismissal_kinds":{"Caught":1,"Bowled":1},"by_tournament":{"ICC World Cup 2026":{"runs":5,"balls":9,"innings":1},"National T20 2025-26":{"runs":3,"balls":8,"innings":1}},"innings_scores":[{"runs":5,"out":true},{"runs":3,"out":true}]},"bowling":{"innings":2,"overs":7.0,"balls":42,"runs":61,"wickets":3,"dots":13,"dot_pct":31.0,"economy":8.71,"average":20.33,"strike_rate":14.0,"fours_conceded":5,"sixes_conceded":3,"wides":0,"no_balls":0,"phases":{"pp":{"runs":24,"balls":18,"wickets":3,"economy":8.0},"mid":{"runs":24,"balls":18,"wickets":0,"economy":8.0},"death":{"runs":13,"balls":6,"wickets":0,"economy":13.0}},"length_stats":{"49-138-145.35181236673773-170":{"runs":1,"balls":1,"wickets":0,"dots":0},"55-108-145.35181236673773-170":{"runs":4,"balls":1,"wickets":0,"dots":0},"73-109-145.3518123903204-170":{"runs":1,"balls":1,"wickets":0,"dots":0},"70-95-145.35181236673773-170":{"runs":4,"balls":1,"wickets":0,"dots":0},"63-123-145.3518123903204-170":{"runs":0,"balls":1,"wickets":1,"dots":1},"71-129-145.35181236673773-170":{"runs":0,"balls":1,"wickets":0,"dots":1},"67-111-145.35181236673773-170":{"runs":2,"balls":1,"wickets":0,"dots":0},"61-108-145.35181236673773-170":{"runs":0,"balls":1,"wickets":0,"dots":1},"48-118-145.35181236673773-170":{"runs":0,"balls":1,"wickets":0,"dots":1},"65-108-145.3518123903204-170":{"runs":1,"balls":1,"wickets":0,"dots":0},"67-104-145.35181236673773-170":{"runs":0,"balls":1,"wickets":0,"dots":1},"52-99-145.35181236673773-170":{"runs":0,"balls":1,"wickets":0,"dots":1},"72-119-145.35181236673773-170":{"runs":1,"balls":1,"wickets":0,"dots":0},"50-101-145.35181236673773-170":{"runs":1,"balls":1,"wickets":0,"dots":0},"91-103-145.3518123903204-170":{"runs":0,"balls":1,"wickets":0,"dots":1},"66-86-145.35181236673773-170":{"runs":1,"balls":1,"wickets":0,"dots":0},"66-117-145.35181236673773-170":{"runs":1,"balls":1,"wickets":0,"dots":0},"64-127-145.35181236673773-170":{"runs":4,"balls":1,"wickets":0,"dots":0},"69-102-145.35181236673773-170":{"runs":0,"balls":1,"wickets":0,"dots":1},"61-100-145.35181236673773-170":{"runs":0,"balls":1,"wickets":1,"dots":1},"67-112-145.35181236673773-170":{"runs":1,"balls":1,"wickets":0,"dots":0},"39-103-145.35181236673773-170":{"runs":1,"balls":1,"wickets":0,"dots":0},"88-122-145.35181236673773-170":{"runs":6,"balls":1,"wickets":0,"dots":0},"73-97-145.35181236673773-170":{"runs":1,"balls":1,"wickets":0,"dots":0},"75-114-145.35181236673773-170":{"runs":0,"balls":1,"wickets":0,"dots":1},"74-107-145.35181236673773-170":{"runs":1,"balls":1,"wickets":0,"dots":0},"76-96-145.35181236673773-170":{"runs":2,"balls":3,"wickets":1,"dots":1},"52-95-145.35181236673773-170":{"runs":1,"balls":1,"wickets":0,"dots":0},"48-97-145.35181236673773-170":{"runs":2,"balls":1,"wickets":0,"dots":0},"87-97-145.35181236673773-170":{"runs":4,"balls":1,"wickets":0,"dots":0},"59-108-145.35181236673773-170":{"runs":0,"balls":1,"wickets":0,"dots":1},"67-115-145.35181236673773-170":{"runs":6,"balls":1,"wickets":0,"dots":0},"51-89-145.35181236673773-170":{"runs":1,"balls":1,"wickets":0,"dots":0},"70-100-145.35181236673773-170":{"runs":1,"balls":1,"wickets":0,"dots":0},"60-96-145.35181236673773-170":{"runs":1,"balls":1,"wickets":0,"dots":0},"75-96-145.35181236673773-170":{"runs":1,"balls":2,"wickets":0,"dots":1},"47-92-145.35181236673773-170":{"runs":6,"balls":1,"wickets":0,"dots":0},"52-92-145.35181236673773-170":{"runs":1,"balls":1,"wickets":0,"dots":0},"43-96-145.35181236673773-170":{"runs":4,"balls":1,"wickets":0,"dots":0}},"line_stats":{"55-51-156.49224415819774-249.99999999999997":{"runs":1,"balls":1,"wickets":0,"dots":0},"45-116-156.49224415819774-249.99999999999997":{"runs":4,"balls":1,"wickets":0,"dots":0},"78-117-156.49224415819774-249.99999999999997":{"runs":1,"balls":1,"wickets":0,"dots":0},"89-152-156.4922438217625-250":{"runs":4,"balls":1,"wickets":0,"dots":0},