{"name":"M Waseem","country":"Foreign","batting_style":"RHB","bowling_style":"","team":"Karachi Kings","batting":{"innings":1,"runs":53,"balls":41,"fours":2,"sixes":2,"dots":9,"dot_pct":22.0,"dismissals":0,"not_outs":1,"fifties":1,"hundreds":0,"average":53,"strike_rate":129.27,"best_score":"53*","phases":{"pp":{"runs":15,"balls":12,"sr":125.0},"mid":{"runs":30,"balls":20,"sr":150.0},"death":{"runs":8,"balls":9,"sr":88.9}},"zones":{"1":{"runs":0,"balls":0,"dots":0,"fours":0,"sixes":0},"2":{"runs":0,"balls":0,"dots":0,"fours":0,"sixes":0},"3":{"runs":0,"balls":0,"dots":0,"fours":0,"sixes":0},"4":{"runs":0,"balls":0,"dots":0,"fours":0,"sixes":0},"5":{"runs":0,"balls":0,"dots":0,"fours":0,"sixes":0},"6":{"runs":0,"balls":0,"dots":0,"fours":0,"sixes":0},"7":{"runs":0,"balls":0,"dots":0,"fours":0,"sixes":0},"8":{"runs":0,"balls":0,"dots":0,"fours":0,"sixes":0}},"line_stats":{"55-136-156.49224415819774-249.99999999999997":{"runs":0,"balls":1,"dots":1,"wickets":0},"52-135-156.49224415819774-249.99999999999997":{"runs":1,"balls":1,"dots":0,"wickets":0},"41-140-156.49224415819774-249.99999999999997":{"runs":1,"balls":1,"dots":0,"wickets":0},"51-144-156.49224415819774-249.99999999999997":{"runs":0,"balls":1,"dots":1,"wickets":0},"49-125-156.49224415819774-249.99999999999997":{"runs":4,"balls":2,"dots":0,"wickets":0},"45-175-156.49224415819774-249.99999999999997":{"runs":6,"balls":1,"dots":0,"wickets":0},"56-159-156.4922438217625-250":{"runs":0,"balls":1,"dots":1,"wickets":0},"49-176-156.49224415819774-249.99999999999997":{"runs":0,"balls":1,"dots":1,"wickets":0},"41-142-156.49224415819774-249.99999999999997":{"runs":1,"balls":1,"dots":0,"wickets":0},"81-107-156.49224415819774-249.99999999999997":{"runs":1,"balls":1,"dots":0,"wickets":0},"53-124-156.49224415819774-249.99999999999997":{"runs":2,"balls":1,"dots":0,"wickets":0},"76-138-156.49224415819774-249.99999999999997":{"runs":1,"balls":1,"dots":0,"wickets":0},"60-123-156.49224415819774-249.99999999999997":{"runs":0,"balls":1,"dots":1,"wickets":0},"67-119-156.4922438217625-250":{"runs":6,"balls":1,"dots":0,"wickets":0},"56-146-156.49224415819774-249.99999999999997":{"runs":1,"balls":1,"dots":0,"wickets":0},"83-127-156.49224415819774-249.99999999999997":{"runs":1,"balls":1,"dots":0,"wickets":0},"90-99-156.49224415819774-249.99999999999997":{"runs":0,"balls":1,"dots":1,"wickets":0},"79-129-156.49224415819774-249.99999999999997":{"runs":1,"balls":1,"dots":0,"wickets":0},"51-131-156.49224415819774-249.99999999999997":{"runs":1,"balls":1,"dots":0,"wickets":0},"44-134-156.49224415819774-249.99999999999997":{"runs":0,"balls":1,"dots":1,"wickets":0},"72-135-156.49224415819774-249.99999999999997":{"runs":1,"balls":1,"dots":0,"wickets":0},"44-127-156.49224415819774-249.99999999999997":{"runs":1,"balls":1,"dots":0,"wickets":0},"43-122-156.49224415819774-249.99999999999997":{"runs":1,"balls":1,"dots":0,"wickets":0},"40-123-156.49224415819774-249.99999999999997":{"runs":2,"balls":1,"dots":0,"wickets":0},"85-27-156.49224415819774-249.99999999999997":{"runs":1,"balls":1,"dots":0,"wickets":0},"74-119-156.4922438217625-250":{"runs":2,"balls":1,"dots":0,"wickets":0},"49-170-156.49224415819774-249.99999999999997":{"runs":4,"balls":1,"dots":0,"wickets":0},"57-139-156.4922438217625-250":{"runs":1,"balls":1,"dots":0,"wickets":0},"90-127-156.49224415819774-249.99999999999997":{"runs":0,"balls":1,"dots":1,"wickets":0},"81-141-156.49224415819774-249.99999999999997":{"runs":1,"balls":1,"dots":0,"wickets":0},"66-131-156.49224415819774-249.99999999999997":{"runs":4,"balls":1,"dots":0,"wickets":0},"60-114-156.49224415819774-249.99999999999997":{"runs":0,"balls":1,"dots":1,"wickets":0},"48-123-156.49224415819774-249.99999999999997":{"runs":1,"balls":1,"dots":0,"wickets":0},"61-136-156.49224415819774-249.99999999999997":{"runs":1,"balls":1,"dots":0,"wickets":0},"49-115-156.49224415819774-249.99999999999997":{"runs":1,"balls":1,"dots":0,"wickets":0},"53-142-156.49224415819774-249.99999999999997":{"runs":1,"balls":1,"dots":0,"wickets":0},"57-139-156.49224415819774-249.99999999999997":{"runs":1,"balls":1,"dots":0,"wickets":0},"57-132-156.49224415819774-249.99999999999997":{"runs":1,"balls":1,"dots":0,"wickets":0},"112-34-156.49224415819774-249.99999999999997":{"runs":1,"balls":1,"dots":0,"wickets":0},"79-45-156.49224415819774-249.99999999999997":{"runs":1,"balls":1,"dots":0,"wickets":0}},"length_stats":{"48-80-145.35181236673773-170":{"runs":0,"balls":1,"dots":1,"wickets":0},"62-104-145.35181236673773-170":{"runs":1,"balls":1,"dots":0,"wickets":0},"52-98-145.35181236673773-170":{"runs":1,"balls":1,"dots":0,"wickets":0},"62-83-145.35181236673773-170":{"runs":0,"balls":1,"dots":1,"wickets":0},"43-98-145.3518123903204-170":{"runs":2,"balls":1,"dots":0,"wickets":0},"62-52-145.35181236673773-170":{"runs":6,"balls":1,"dots":0,"wickets":0},"52-53-145.3518123903204-170":{"runs":0,"balls":1,"dots":1,"wickets":0},"51-35-145.35181236673773-170":{"runs":0,"balls":1,"dots":1,"wickets":0},"51-83-145.35181236673773-170":{"runs":1,"balls":1,"dots":0,"wickets":0},"84-118-145.35181236673773-170":{"runs":1,"balls":1,"dots":0,"wickets":0},"65-112-145.35181236673773-170":{"runs":2,"balls":1,"dots":0,"wickets":0},"70-100-145.35181236673773-170":{"runs":1,"balls":1,"dots":0,"wickets":0},"72-105-145.35181236673773-170":{"runs":0,"balls":1,"dots":1,"wickets":0},"74-114-145.35181236673773-170":{"runs":6,"balls":1,"dots":0,"wickets":0},"41-97-145.35181236673773-170":{"runs":1,"balls":1,"dots":0,"wickets":0},"64-97-145.35181236673773-170":{"runs":1,"balls":1,"dots":0,"wickets":0},"88-120-145.3518123903204-170":{"runs":0,"balls":1,"dots":1,"wickets":0},"68-119-145.35181236673773-170":{"runs":1,"balls":1,"dots":0,"wickets":0},"63-101-145.35181236673773-170":{"runs":1,"balls":1,"dots":0,"wickets":0},"41-87-145.35181236673773-170":{"runs":0,"balls":1,"dots":1,"wickets":0},"70-104-145.3518123903204-170":{"runs":1,"balls":1,"dots":0,"wickets":0},"49-87-145.35181236673773-170":{"runs":1,"balls":1,"dots":0,"wickets":0},"25-92-145.35181236673773-170":{"runs":1,"balls":1,"dots":0,"wickets":0},"26-89-145.35181236673773-170":{"runs":2,"balls":1,"dots":0,"wickets":0},"77-125-145.35181236673773-170":{"runs":1,"balls":1,"dots":0,"wickets":0},"87-93-145.3518123903204-170":{"runs":2,"balls":1,"dots":0,"wickets":0},"39-39-145.3518123903204-170":{"runs":4,"balls":1,"dots":0,"wickets":0},"40-78-145.35181236673773-170":{"runs":1,"balls":1,"dots":0,"wickets":0},"90-104-145.35181236673773-170":{"runs":0,"balls":1,"dots":1,"wickets":0},"69-101-145.3518123903204-170":{"runs":1,"balls":1,"dots":0,"wickets":0},"45-102-145.35181236673773-170":{"runs":4,"balls":1,"dots":0,"wickets":0},"39-99-145.35181236673773-170":{"runs":2,"balls":1,"dots":0,"wickets":0},"75-112-145.35181236673773-170":{"runs":0,"balls":1,"dots":1,"wickets":0},"61-103-145.35181236673773-170":{"runs":1,"balls":1,"dots":0,"wickets":0},"39-90-145.3518123903204-170":{"runs":1,"balls":1,"dots":0,"wickets":0},"53-109-145.35181236673773-170":{"runs":1,"balls":1,"dots":0,"wickets":0},"68-105-145.35181236673773-170":{"runs":1,"balls":1,"dots":0,"wickets":0},"54-75-145.3518123903204-170":{"runs":1,"balls":1,"dots":0,"wickets":0},"37-98-145.35181236673773-170":{"runs":1,"balls":1,"dots":0,"wickets":0},"84-131-145.35181236673773-170":{"runs":1,"balls":1,"dots":0,"wickets":0},"69-143-145.35181236673773-170":{"runs":1,"balls":1,"dots":0,"wickets":0}},"shot_stats":{"Forward Defence":{"runs":4,"balls":7,"dots":3},"Push Shot":{"runs":7,"balls":9,"dots":2},"Cut":{"runs":9,"balls":9,"dots":2},"Upper Cut":{"runs":10,"balls":3,"dots":1},"Drive":{"runs":10,"balls":5,"dots":1},"Sweep":{"runs":8,"balls":4,"dots":0},"Flick":{"runs":3,"balls":2,"dots":0},"Pull":{"runs":1,"balls":1,"dots":0},"Slog":{"runs":1,"balls":1,"dots":0}},"vs_pace":{"runs":25,"balls":20,"dots":5,"dismissals":0,"fours":1,"sixes":1},"vs_spin":{"runs":28,"balls":21,"dots":4,"dismissals":0,"fours":1,"sixes":1},"dismissal_kinds":{},"by_tournament":{"ICC World Cup 2026":{"runs":53,